{
  "RsiOrderHighL1/Keep": [
    0
  ],
  "RsiOrderHighL1/Make": [
    1
  ],
  "RsiOrderHighL1/Action": [
    1
  ],
  "RsiOrderHighL1/Tolerance": [
    0.01
  ],
  "RsiOrderHighL1/LearnRate": [
    0.005
  ],
  "RsiOrderHighL1/L1": [
    73.0
  ],
  "RsiOrderHighL1/L2": [
    76.5
  ],
  "RsiOrderHighL1/AnalyseSize": [
    0
  ],
  "RsiOrderHighL1/CollectSize": [
    0
  ],
  "RsiOrderHighL1/CollectAverage": [
    0
  ],
  "RsiOrderHighL1/AnalyseAverage": [
    1
  ],
  "RsiOrderHighL1/SignalSensitivity": [
    1.0
  ],
  "RsiOrderHighL1/Enabled": [
    true
  ],
  "RsiOrderHighL1/Usage": [
    0
  ],
  "RsiOrderHighL2/Keep": [
    1
  ],
  "RsiOrderHighL2/Make": [
    3
  ],
  "RsiOrderHighL2/Action": [
    2
  ],
  "RsiOrderHighL2/Tolerance": [
    0.01
  ],
  "RsiOrderHighL2/LearnRate": [
    0.005
  ],
  "RsiOrderHighL2/L1": [
    76.51
  ],
  "RsiOrderHighL2/L2": [
    84.5
  ],
  "RsiOrderHighL2/AnalyseSize": [
    0
  ],
  "RsiOrderHighL2/CollectSize": [
    0
  ],
  "RsiOrderHighL2/CollectAverage": [
    0
  ],
  "RsiOrderHighL2/AnalyseAverage": [
    1
  ],
  "RsiOrderHighL2/SignalSensitivity": [
    1.0
  ],
  "RsiOrderHighL2/Enabled": [
    true
  ],
  "RsiOrderHighL2/Usage": [
    0
  ],
  "RsiOrderHighL3/Keep": [
    0
  ],
  "RsiOrderHighL3/Make": [
    4
  ],
  "RsiOrderHighL3/Action": [
    4
  ],
  "RsiOrderHighL3/Tolerance": [
    0.01
  ],
  "RsiOrderHighL3/LearnRate": [
    0.005
  ],
  "RsiOrderHighL3/L1": [
    84.51
  ],
  "RsiOrderHighL3/L2": [
    100
  ],
  "RsiOrderHighL3/AnalyseSize": [
    0
  ],
  "RsiOrderHighL3/CollectSize": [
    0
  ],
  "RsiOrderHighL3/CollectAverage": [
    0
  ],
  "RsiOrderHighL3/AnalyseAverage": [
    1
  ],
  "RsiOrderHighL3/SignalSensitivity": [
    1.0
  ],
  "RsiOrderHighL3/Enabled": [
    true
  ],
  "RsiOrderHighL3/Usage": [
    0
  ],
  "RsiOrderLowL1/Keep": [
    0
  ],
  "RsiOrderLowL1/Make": [
    1
  ],
  "RsiOrderLowL1/Action": [
    1
  ],
  "RsiOrderLowL1/Tolerance": [
    0.01
  ],
  "RsiOrderLowL1/LearnRate": [
    0.005
  ],
  "RsiOrderLowL1/L1": [
    33.0
  ],
  "RsiOrderLowL1/L2": [
    29.0
  ],
  "RsiOrderLowL1/AnalyseSize": [
    0
  ],
  "RsiOrderLowL1/CollectSize": [
    0
  ],
  "RsiOrderLowL1/CollectAverage": [
    0
  ],
  "RsiOrderLowL1/AnalyseAverage": [
    1
  ],
  "RsiOrderLowL1/SignalSensitivity": [
    1.0
  ],
  "RsiOrderLowL1/Enabled": [
    true
  ],
  "RsiOrderLowL1/Usage": [
    0
  ],
  "RsiOrderLowL2/Keep": [
    1
  ],
  "RsiOrderLowL2/Make": [
    3
  ],
  "RsiOrderLowL2/Action": [
    2
  ],
  "RsiOrderLowL2/Tolerance": [
    0.01
  ],
  "RsiOrderLowL2/LearnRate": [
    0.005
  ],
  "RsiOrderLowL2/L1": [
    28.99
  ],
  "RsiOrderLowL2/L2": [
    23.0
  ],
  "RsiOrderLowL2/AnalyseSize": [
    0
  ],
  "RsiOrderLowL2/CollectSize": [
    0
  ],
  "RsiOrderLowL2/CollectAverage": [
    0
  ],
  "RsiOrderLowL2/AnalyseAverage": [
    1
  ],
  "RsiOrderLowL2/SignalSensitivity": [
    1.0
  ],
  "RsiOrderLowL2/Enabled": [
    true
  ],
  "RsiOrderLowL2/Usage": [
    0
  ],
  "RsiOrderLowL3/Keep": [
    0
  ],
  "RsiOrderLowL3/Make": [
    4
  ],
  "RsiOrderLowL3/Action": [
    4
  ],
  "RsiOrderLowL3/Tolerance": [
    0.01
  ],
  "RsiOrderLowL3/LearnRate": [
    0.005
  ],
  "RsiOrderLowL3/L1": [
    22.99
  ],
  "RsiOrderLowL3/L2": [
    0
  ],
  "RsiOrderLowL3/AnalyseSize": [
    0
  ],
  "RsiOrderLowL3/CollectSize": [
    0
  ],
  "RsiOrderLowL3/CollectAverage": [
    0
  ],
  "RsiOrderLowL3/AnalyseAverage": [
    1
  ],
  "RsiOrderLowL3/SignalSensitivity": [
    1.0
  ],
  "RsiOrderLowL3/Enabled": [
    true
  ],
  "RsiOrderLowL3/Usage": [
    4
  ],
  "MovPeriod": [
    5
  ],
  "MovPeriod2": [
    9
  ],
  "PriceLowLimit": [
    2300
  ],
  "PriceHighLimit": [
    2400
  ],
  "RsiLoss/InitialQuantity": [
    80
  ],
  "RsiLoss/KeepQuantity": [
    0
  ],
  "RsiLoss/QuantityStepMultiplier": [
    0
  ],
  "RsiLoss/QuantityStep": [
    10
  ],
  "RsiLoss/Step": [
    0.1
  ],
  "RsiLoss/StartAt": [
    0.8
  ],
  "RsiLoss/PriceMonitor": [
    false
  ],
  "RsiLoss/EnableLimitingSignalsOnStart": [
    true
  ],
  "RsiLoss/PriceMonitorTolerance": [
    0
  ],
  "RsiLoss/PriceMonitorLearnRate": [
    0
  ],
  "RsiLoss/Enabled": [
    true
  ],
  "RsiLoss/Usage": [
    0
  ],
  "Profit/InitialQuantity": [
    50
  ],
  "Profit/KeepQuantity": [
    30
  ],
  "Profit/QuantityStepMultiplier": [
    1
  ],
  "Profit/QuantityStep": [
    10
  ],
  "Profit/Step": [
    0.1
  ],
  "Profit/StartAt": [
    0.42
  ],
  "Profit/PriceMonitor": [
    false
  ],
  "Profit/EnableLimitingSignalsOnStart": [
    true
  ],
  "Profit/PriceMonitorTolerance": [
    0
  ],
  "Profit/PriceMonitorLearnRate": [
    0
  ],
  "Profit/Enabled": [
    true
  ],
  "Profit/Usage": [
    0
  ],
  "CrossL1/RsiMax": [
    55.6
  ],
  "CrossL1/RsiMin": [
    45.4
  ],
  "CrossL1/Quantity": [
    10
  ],
  "CrossL1/PowerThreshold": [
    88
  ],
  "CrossL1/PowerNegativeMultiplier": [
    1.3
  ],
  "CrossL1/PowerPositiveMultiplier": [
    2.8
  ],
  "CrossL1/Dynamic": [
    true
  ],
  "CrossL1/AvgChange": [
    0.32
  ],
  "CrossL1/AnalyseSize": [
    0
  ],
  "CrossL1/CollectSize": [
    0
  ],
  "CrossL1/CollectAverage": [
    0
  ],
  "CrossL1/AnalyseAverage": [
    1
  ],
  "CrossL1/SignalSensitivity": [
    1.0
  ],
  "CrossL1/Enabled": [
    true
  ],
  "CrossL1/Usage": [
    0
  ],
  "CrossL2/RsiMax": [
    52.6
  ],
  "CrossL2/RsiMin": [
    48.4
  ],
  "CrossL2/Quantity": [
    10
  ],
  "CrossL2/PowerThreshold": [
    88
  ],
  "CrossL2/PowerNegativeMultiplier": [
    1.3
  ],
  "CrossL2/PowerPositiveMultiplier": [
    2.8
  ],
  "CrossL2/Dynamic": [
    true
  ],
  "CrossL2/AvgChange": [
    0.32
  ],
  "CrossL2/AnalyseSize": [
    0
  ],
  "CrossL2/CollectSize": [
    0
  ],
  "CrossL2/CollectAverage": [
    0
  ],
  "CrossL2/AnalyseAverage": [
    1
  ],
  "CrossL2/SignalSensitivity": [
    1.0
  ],
  "CrossL2/Enabled": [
    false
  ],
  "CrossL2/Usage": [
    0
  ],
  "VolumePower/AnalyseSize": [
    0
  ],
  "VolumePower/CollectSize": [
    0
  ],
  "VolumePower/CollectAverage": [
    0
  ],
  "VolumePower/AnalyseAverage": [
    1
  ],
  "VolumePower/SignalSensitivity": [
    1.0
  ],
  "VolumePower/Enabled": [
    true
  ],
  "VolumePower/Usage": [
    0
  ],
  "RsiValue/AnalyseSize": [
    0
  ],
  "RsiValue/CollectSize": [
    0
  ],
  "RsiValue/CollectAverage": [
    0
  ],
  "RsiValue/AnalyseAverage": [
    1
  ],
  "RsiValue/SignalSensitivity": [
    4.0
  ],
  "RsiValue/Enabled": [
    true
  ],
  "RsiValue/Usage": [
    0
  ],
  "DailyClose/KeepQuantity": [
    3
  ],
  "DailyClose/Enabled": [
    true
  ],
  "DailyClose/Usage": [
    0
  ],
  "Rsi": [
    14
  ],
  "PowerLookback": [
    5
  ],
  "DataCollectSize": [
    8
  ],
  "DataAnalysisSize": [
    80
  ],
  "DataCollectAverage": [
    0
  ],
  "DataAnalysisAverage": [
    1
  ],
  "RsiGradientTolerance": [
    0.02
  ],
  "RsiGradientLearnRate": [
    0.005
  ],
  "Portfolio/Quantity": [
    0
  ],
  "Portfolio/Side": [
    2
  ],
  "Portfolio/AvgCost": [
    0
  ],
  "LoggingLevel": [
    0
  ],
  "UILoggingLevel": [
    1
  ],
  "Simulation": [
    false
  ],
  "LogConsole": [
    false
  ],
  "Appdir": [
    "c:\\kalitte"
  ],
  "Symbol": [
    "F_XU0300422"
  ],
  "UsePerformanceMonitor": [
    false
  ],
  "SymbolPeriod": [
    3
  ],
  "UseVirtualOrders": [
    false
  ]
}